{
  "weights": {
    "AvgTemperature_C": 0.3136242716508281,
    "AvgWindSpeed_m_s": 0.19290363967260454,
    "AvgPrecipitation_mm": 0.04515801087385173,
    "CO_ppm": 0.0867827883116111,
    "NO2_ppb": 0.08317069297161932,
    "O3_ppb": 0.12086768475803768,
    "TrafficIndex": 0.15749291176144747
  },
  "feature_names": [
    "AvgTemperature_C",
    "AvgWindSpeed_m_s",
    "AvgPrecipitation_mm",
    "CO_ppm",
    "NO2_ppb",
    "O3_ppb",
    "TrafficIndex"
  ],
  "metrics": {
    "train_r2": 0.7610196532878911,
    "test_r2": 0.278103570175958,
    "train_rmse": 9.461396155326812,
    "test_rmse": 17.249869107719945,
    "train_mae": 5.865919216491712,
    "test_mae": 11.06843412502407,
    "n_samples": 5718,
    "trained_at": "2025-10-05T20:59:14.462643"
  },
  "model_params": {
    "n_estimators": 300,
    "max_depth": 20,
    "min_samples_split": 5,
    "min_samples_leaf": 2
  }
}